MODELYEAR,MAKE,MODEL,VEHICLECLASS,ENGINESIZE,FUELCONSUMPTION,CO2EMISSIONS
2014,ACURA,ILX,COMPACT,2,6.7,196
2014,ACURA,ILX,COMPACT,2.4,7.7,221
2014,ACURA,ILX HYBRID,COMPACT,1.5,5.8,136
2014,ACURA,MDX 4WD,SUV - SMALL,3.5,9.1,255
2014,ACURA,RDX AWD,SUV - SMALL,3.5,8.7,244
2014,ACURA,RLX,MID-SIZE,3.5,7.7,230
2014,ACURA,TL,MID-SIZE,3.5,8.1,232
2014,ACURA,TL AWD,MID-SIZE,3.7,9,255
2014,ACURA,TL AWD,MID-SIZE,3.7,9.5,267
2014,ACURA,TSX,COMPACT,2.4,7.5,212
2014,ACURA,TSX,COMPACT,2.4,8.1,225
2014,ACURA,TSX,COMPACT,3.5,8.3,239
2014,ASTON MARTIN,DB9,MINICOMPACT,5.9,12.6,359
2014,ASTON MARTIN,RAPIDE,SUBCOMPACT,5.9,12.6,359
2014,ASTON MARTIN,V8 VANTAGE,TWO-SEATER,4.7,11.3,338
2014,ASTON MARTIN,V8 VANTAGE,TWO-SEATER,4.7,12.2,354
2014,ASTON MARTIN,V8 VANTAGE S,TWO-SEATER,4.7,11.3,338
2014,ASTON MARTIN,V8 VANTAGE S,TWO-SEATER,4.7,12.2,354
2014,ASTON MARTIN,VANQUISH,MINICOMPACT,5.9,12.6,359
2014,AUDI,A4,COMPACT,2,7.4,202
2014,AUDI,A4 QUATTRO,COMPACT,2,8.1,230
2014,AUDI,A4 QUATTRO,COMPACT,2,7.5,214
2014,AUDI,A5 CABRIOLET QUATTRO,SUBCOMPACT,2,8.1,230
2014,AUDI,A5 QUATTRO,SUBCOMPACT,2,8.1,230
2014,AUDI,A5 QUATTRO,SUBCOMPACT,2,7.5,214
2014,AUDI,A6 QUATTRO,MID-SIZE,2,8.1,235
2014,AUDI,A6 QUATTRO,MID-SIZE,3,8.6,251
2014,AUDI,A6 QUATTRO TDI CLEAN DIESEL,MID-SIZE,3,6.4,224
2014,AUDI,A7 QUATTRO,MID-SIZE,3,8.8,258
2014,AUDI,A7 QUATTRO TDI CLEAN DIESEL,MID-SIZE,3,6.4,224
2014,AUDI,A8,MID-SIZE,3,8.8,258
2014,AUDI,A8,MID-SIZE,4,8.6,260
2014,AUDI,A8 TDI CLEAN DIESEL,MID-SIZE,3,6.4,227
2014,AUDI,A8L,FULL-SIZE,3,8.8,258
2014,AUDI,A8L,FULL-SIZE,4,9.7,288
2014,AUDI,A8L,FULL-SIZE,6.3,12.6,361
2014,AUDI,A8L TDI CLEAN DIESEL,FULL-SIZE,3,6.5,230
2014,AUDI,ALLROAD QUATTRO,STATION WAGON - SMALL,2,8.8,242
2014,AUDI,Q5,SUV - SMALL,2,8.5,239
2014,AUDI,Q5,SUV - SMALL,3,9.2,258
2014,AUDI,Q5 HYBRID,SUV - SMALL,2,8.3,212
2014,AUDI,Q5 TDI CLEAN DIESEL,SUV - SMALL,3,7.6,246
2014,AUDI,Q7,SUV - STANDARD,3,10.9,304
2014,AUDI,Q7 TDI CLEAN DIESEL,SUV - STANDARD,3,8.4,294
2014,AUDI,R8,TWO-SEATER,4.2,11,336
2014,AUDI,R8,TWO-SEATER,4.2,13.4,407
2014,AUDI,R8,TWO-SEATER,5.2,11.3,354
2014,AUDI,R8,TWO-SEATER,5.2,13.8,409
2014,AUDI,R8 SPYDER,TWO-SEATER,4.2,11,336
2014,AUDI,R8 SPYDER,TWO-SEATER,4.2,13.4,407
2014,AUDI,R8 SPYDER,TWO-SEATER,5.2,11.3,354
2014,AUDI,R8 SPYDER,TWO-SEATER,5.2,13.8,409
2014,AUDI,RS5,SUBCOMPACT,4.2,10.9,306
2014,AUDI,RS5 CABRIOLET,SUBCOMPACT,4.2,11.3,308
2014,AUDI,RS7,MID-SIZE,4,9.3,290
2014,AUDI,S4,COMPACT,3,9.2,262
2014,AUDI,S4,COMPACT,3,9.8,285
2014,AUDI,S5,SUBCOMPACT,3,9.2,262
2014,AUDI,S5,SUBCOMPACT,3,9.8,285
2014,AUDI,S5 CABRIOLET,SUBCOMPACT,3,9.5,267
2014,AUDI,S6,MID-SIZE,4,9.7,281
2014,AUDI,S7,MID-SIZE,4,9.7,281
2014,AUDI,S8,MID-SIZE,4,9.8,297
2014,AUDI,SQ5,SUV - SMALL,3,10.1,292
2014,AUDI,TT COUPE QUATTRO,SUBCOMPACT,2,7.6,209
2014,AUDI,TT ROADSTER QUATTRO,TWO-SEATER,2,7.6,209
2014,AUDI,TTS COUPE QUATTRO,SUBCOMPACT,2,8.8,237
2014,AUDI,TTS ROADSTER QUATTRO,TWO-SEATER,2,8.8,237
2014,BENTLEY,CONTINENTAL GT,SUBCOMPACT,4,9.8,297
2014,BENTLEY,CONTINENTAL GT,SUBCOMPACT,6,11.5,356
2014,BENTLEY,CONTINENTAL GT CONVERTIBLE,SUBCOMPACT,4,10.3,320
2014,BENTLEY,CONTINENTAL GT SPEED CONVERTIBLE,SUBCOMPACT,6,12.2,380
2014,BENTLEY,CONTINENTAL GTC,SUBCOMPACT,4,10.6,322
2014,BENTLEY,CONTINENTAL GTC,SUBCOMPACT,6,12.2,380
2014,BENTLEY,FLYING SPUR,MID-SIZE,6,12.2,380
2014,BENTLEY,MULSANNE,MID-SIZE,6.8,14.9,437
2014,BMW,320i,COMPACT,2,6.5,193
2014,BMW,320i,COMPACT,2,6.7,200
2014,BMW,320i xDRIVE,COMPACT,2,7,202
2014,BMW,328d xDRIVE,COMPACT,2,5.5,181
2014,BMW,328d xDRIVE TOURING,STATION WAGON - SMALL,2,5.5,181
2014,BMW,328i,COMPACT,2,6.5,193
2014,BMW,328i,COMPACT,2,6.7,200
2014,BMW,328i xDRIVE,COMPACT,2,7.2,209
2014,BMW,328i xDRIVE GRAN TURISMO,FULL-SIZE,2,7.2,209
2014,BMW,328i xDRIVE TOURING,STATION WAGON - SMALL,2,7.2,209
2014,BMW,335i,COMPACT,3,7.3,221
2014,BMW,335i,COMPACT,3,7.9,230
2014,BMW,335i xDRIVE,COMPACT,3,7.8,228
2014,BMW,335i xDRIVE,COMPACT,3,8.3,237
2014,BMW,335i xDRIVE GRAN TURISMO,FULL-SIZE,3,8,232
2014,BMW,428i COUPE,COMPACT,2,6.5,193
2014,BMW,428i COUPE,COMPACT,2,6.7,200
2014,BMW,428i xDRIVE COUPE,COMPACT,2,7.2,209
2014,BMW,435i COUPE,COMPACT,3,7.3,221
2014,BMW,435i COUPE,COMPACT,3,7.9,230
2014,BMW,435i xDRIVE COUPE,COMPACT,3,7.8,228
2014,BMW,435i xDRIVE COUPE,COMPACT,3,8.3,237
2014,BMW,528i,MID-SIZE,2,7,202
2014,BMW,528i xDRIVE,MID-SIZE,2,7.2,209
2014,BMW,535d xDRIVE,MID-SIZE,3,6.4,213
2014,BMW,535i xDRIVE,MID-SIZE,3,8,232
2014,BMW,535i xDRIVE GRAN TURISMO,FULL-SIZE,3,8.6,246
2014,BMW,550i xDRIVE,MID-SIZE,4.4,9.6,281
2014,BMW,550i xDRIVE GRAN TURISMO,FULL-SIZE,4.4,9.8,292
2014,BMW,640i xDRIVE GRAN COUPE,COMPACT,3,8,232
2014,BMW,650i xDRIVE CABRIOLET,SUBCOMPACT,4.4,9.8,292
2014,BMW,650i xDRIVE COUPE,COMPACT,4.4,9.6,281
2014,BMW,650i xDRIVE GRAN COUPE,COMPACT,4.4,9.8,292
2014,BMW,740Li xDRIVE,FULL-SIZE,3,8.6,246
2014,BMW,750i xDRIVE,FULL-SIZE,4.4,9.8,292
2014,BMW,750Li xDRIVE,FULL-SIZE,4.4,9.8,292
2014,BMW,760Li,FULL-SIZE,6,11.5,356
2014,BMW,ACTIVEHYBRID 3,COMPACT,3,7.1,191
2014,BMW,ACTIVEHYBRID 5,MID-SIZE,3,7.9,214
2014,BMW,ACTIVEHYBRID 7L,FULL-SIZE,3,7.6,212
2014,BMW,ALPINA B7 xDRIVE LWB,FULL-SIZE,4.4,9.8,292
2014,BMW,ALPINA B7 xDRIVE SWB,FULL-SIZE,4.4,9.8,292
2014,BMW,M5,MID-SIZE,4.4,11.5,338
2014,BMW,M5,MID-SIZE,4.4,10.9,317
2014,BMW,M6,COMPACT,4.4,11.5,338
2014,BMW,M6,COMPACT,4.4,10.9,317
2014,BMW,M6 CABRIOLET,SUBCOMPACT,4.4,11.5,338
2014,BMW,M6 CABRIOLET,SUBCOMPACT,4.4,10.9,317
2014,BMW,M6 GRAN COUPE,COMPACT,4.4,11.5,338
2014,BMW,M6 GRAN COUPE,COMPACT,4.4,10.9,317
2014,BMW,X1 xDRIVE28i,SUV - SMALL,2,7.2,209
2014,BMW,X1 xDRIVE35i,SUV - SMALL,3,8.9,260
2014,BMW,X3 xDRIVE28i,SUV - SMALL,2,8.5,230
2014,BMW,X3 xDRIVE35i,SUV - SMALL,3,9.1,253
2014,BMW,X5 xDRIVE35i,SUV - STANDARD,3,8.8,255
2014,BMW,X5 xDRIVE50i,SUV - STANDARD,4.4,10.9,320
2014,BMW,X6 M,SUV - STANDARD,4.4,13.7,370
2014,BMW,X6 xDRIVE35i,SUV - STANDARD,3,9.8,274
2014,BMW,X6 xDRIVE50i,SUV - STANDARD,4.4,11.3,324
2014,BMW,Z4 sDRIVE28i,TWO-SEATER,2,7.1,209
2014,BMW,Z4 sDRIVE28i,TWO-SEATER,2,6.7,200
2014,BMW,Z4 sDRIVE35i,TWO-SEATER,3,10.1,278
2014,BMW,Z4 sDRIVE35i,TWO-SEATER,3,9,253
2014,BMW,Z4 sDRIVE35is,TWO-SEATER,3,10.1,278
2014,BUICK,ENCLAVE,SUV - STANDARD,3.6,9.9,283
2014,BUICK,ENCLAVE AWD,SUV - STANDARD,3.6,10.2,290
2014,BUICK,ENCORE,SUV - SMALL,1.4,7.2,196
2014,BUICK,ENCORE AWD,SUV - SMALL,1.4,8,212
2014,BUICK,LACROSSE,MID-SIZE,3.6,8.7,264
2014,BUICK,LACROSSE,MID-SIZE,3.6,12.2,250
2014,BUICK,LACROSSE AWD,MID-SIZE,3.6,8.9,264
2014,BUICK,LACROSSE AWD,MID-SIZE,3.6,13,264
2014,BUICK,LACROSSE eASSIST,MID-SIZE,2.4,6.5,189
2014,BUICK,REGAL,MID-SIZE,2,7.9,228
2014,BUICK,REGAL,MID-SIZE,2,7.5,225
2014,BUICK,REGAL AWD,MID-SIZE,2,8.7,246
2014,BUICK,REGAL eASSIST,MID-SIZE,2.4,6.5,189
2014,BUICK,VERANO,COMPACT,2,7.9,228
2014,BUICK,VERANO,COMPACT,2,7.5,225
2014,BUICK,VERANO,COMPACT,2.4,7.4,218
2014,CADILLAC,ATS,COMPACT,2,7.5,221
2014,CADILLAC,ATS,COMPACT,2,7.9,235
2014,CADILLAC,ATS,COMPACT,2.5,7.2,207
2014,CADILLAC,ATS,COMPACT,3.6,8.5,251
2014,CADILLAC,ATS AWD,COMPACT,2,8.1,232
2014,CADILLAC,ATS AWD,COMPACT,3.6,9,260
2014,CADILLAC,CTS COUPE,MID-SIZE,3.6,8.7,258
2014,CADILLAC,CTS COUPE AWD,MID-SIZE,3.6,9,262
2014,CADILLAC,CTS SEDAN,MID-SIZE,2,7.9,232
2014,CADILLAC,CTS SEDAN,MID-SIZE,3.6,8.2,248
2014,CADILLAC,CTS SEDAN AWD,MID-SIZE,2,8.5,248
2014,CADILLAC,CTS SEDAN AWD,MID-SIZE,3.6,9,260
2014,CADILLAC,CTS SEDAN Vsport,MID-SIZE,3.6,9.9,294
2014,CADILLAC,CTS SPORT WAGON,STATION WAGON - SMALL,3,8.9,253
2014,CADILLAC,CTS SPORT WAGON,STATION WAGON - SMALL,3.6,8.9,260
2014,CADILLAC,CTS SPORT WAGON AWD,STATION WAGON - SMALL,3,9.1,255
2014,CADILLAC,CTS SPORT WAGON AWD,STATION WAGON - SMALL,3.6,9,262
2014,CADILLAC,CTS-V COUPE,MID-SIZE,6.2,12.9,382
2014,CADILLAC,CTS-V COUPE,MID-SIZE,6.2,12.5,340
2014,CADILLAC,CTS-V SEDAN,MID-SIZE,6.2,12.9,382
2014,CADILLAC,CTS-V SEDAN,MID-SIZE,6.2,12.5,340
2014,CADILLAC,CTS-V SPORT WAGON,STATION WAGON - SMALL,6.2,12.9,382
2014,CADILLAC,CTS-V SPORT WAGON,STATION WAGON - SMALL,6.2,12.5,340
2014,CADILLAC,ESCALADE AWD,SUV - STANDARD,6.2,11.8,338
2014,CADILLAC,ESCALADE AWD,SUV - STANDARD,6.2,16.1,322
2014,CADILLAC,ESCALADE ESV AWD,SUV - STANDARD,6.2,13.4,377
2014,CADILLAC,ESCALADE ESV AWD,SUV - STANDARD,6.2,17.8,354
2014,CADILLAC,SRX,SUV - STANDARD,3.6,9.8,283
2014,CADILLAC,SRX AWD,SUV - STANDARD,3.6,10.4,294
2014,CADILLAC,XTS,FULL-SIZE,3.6,8.6,262
2014,CADILLAC,XTS AWD,FULL-SIZE,3.6,9.1,271
2014,CADILLAC,XTS Vsport AWD,FULL-SIZE,3.6,9.8,290
2014,CHEVROLET,CAMARO,COMPACT,3.6,8.7,258
2014,CHEVROLET,CAMARO,COMPACT,3.6,8.6,269
2014,CHEVROLET,CAMARO 2LS,COMPACT,3.6,7.9,242
2014,CHEVROLET,CAMARO SS,COMPACT,6.2,9.8,294
2014,CHEVROLET,CAMARO SS,COMPACT,6.2,9.9,292
2014,CHEVROLET,CAMARO ZL1,COMPACT,6.2,12.9,382
2014,CHEVROLET,CAMARO ZL1,COMPACT,6.2,12.5,340
2014,CHEVROLET,CORVETTE,TWO-SEATER,6.2,8.5,276
2014,CHEVROLET,CORVETTE,TWO-SEATER,6.2,8.2,258
2014,CHEVROLET,CRUZE,MID-SIZE,1.4,6.3,179
2014,CHEVROLET,CRUZE,MID-SIZE,1.4,6.3,179
2014,CHEVROLET,CRUZE,MID-SIZE,1.8,6.7,202
2014,CHEVROLET,CRUZE,MID-SIZE,1.8,6.5,189
2014,CHEVROLET,CRUZE DIESEL,MID-SIZE,2,5.1,192
2014,CHEVROLET,CRUZE ECO,MID-SIZE,1.4,6,177
2014,CHEVROLET,CRUZE ECO,MID-SIZE,1.4,5.6,163
2014,CHEVROLET,EQUINOX,SUV - SMALL,2.4,7.3,209
2014,CHEVROLET,EQUINOX,SUV - SMALL,3.6,9.6,276
2014,CHEVROLET,EQUINOX,SUV - SMALL,3.6,13.1,259
2014,CHEVROLET,EQUINOX AWD,SUV - SMALL,2.4,8.2,230
2014,CHEVROLET,EQUINOX AWD,SUV - SMALL,3.6,9.9,290
2014,CHEVROLET,EQUINOX AWD,SUV - SMALL,3.6,13.6,272
2014,CHEVROLET,EXPRESS 1500 CARGO,VAN - CARGO,4.3,12.7,347
2014,CHEVROLET,EXPRESS 1500 CARGO,VAN - CARGO,5.3,13.4,366
2014,CHEVROLET,EXPRESS 1500 CARGO,VAN - CARGO,5.3,17.7,334
2014,CHEVROLET,EXPRESS 1500 CARGO AWD,VAN - CARGO,5.3,14.2,380
2014,CHEVROLET,EXPRESS 1500 CARGO AWD,VAN - CARGO,5.3,18.8,344
2014,CHEVROLET,EXPRESS 1500 CARGO CONV,VAN - CARGO,5.3,13.9,380
2014,CHEVROLET,EXPRESS 1500 CARGO CONV,VAN - CARGO,5.3,18.5,344
2014,CHEVROLET,EXPRESS 1500 CARGO CONV AWD,VAN - CARGO,5.3,14.2,380
2014,CHEVROLET,EXPRESS 1500 CARGO CONV AWD,VAN - CARGO,5.3,19.3,362
2014,CHEVROLET,EXPRESS 1500 PASSENGER,VAN - PASSENGER,5.3,13.9,380
2014,CHEVROLET,EXPRESS 1500 PASSENGER,VAN - PASSENGER,5.3,18.5,344
2014,CHEVROLET,EXPRESS 1500 PASSENGER AWD,VAN - PASSENGER,5.3,14.2,380
2014,CHEVROLET,EXPRESS 1500 PASSENGER AWD,VAN - PASSENGER,5.3,19.3,362
2014,CHEVROLET,EXPRESS 2500 PASSENGER,VAN - PASSENGER,4.8,14.2,414
2014,CHEVROLET,EXPRESS 2500 PASSENGER,VAN - PASSENGER,6,15,432
2014,CHEVROLET,EXPRESS 2500 PASSENGER,VAN - PASSENGER,6,20.4,411
2014,CHEVROLET,EXPRESS 3500 PASSENGER,VAN - PASSENGER,4.8,14.3,419
2014,CHEVROLET,EXPRESS 3500 PASSENGER,VAN - PASSENGER,6,15,435
2014,CHEVROLET,EXPRESS 3500 PASSENGER,VAN - PASSENGER,6,20.5,413
2014,CHEVROLET,IMPALA,FULL-SIZE,2.5,7.5,221
2014,CHEVROLET,IMPALA,FULL-SIZE,3.6,8.2,244
2014,CHEVROLET,IMPALA,FULL-SIZE,3.6,11.3,229
2014,CHEVROLET,IMPALA ECO,FULL-SIZE,2.4,7,200
2014,CHEVROLET,MALIBU,MID-SIZE,2,7.9,228
2014,CHEVROLET,MALIBU,MID-SIZE,2.5,6.4,184
2014,CHEVROLET,ORLANDO,SUV - SMALL,2.4,8.6,244
2014,CHEVROLET,ORLANDO,SUV - SMALL,2.4,8.3,235
2014,CHEVROLET,SILVERADO,PICKUP TRUCK - STANDARD,4.3,9.9,271
2014,CHEVROLET,SILVERADO,PICKUP TRUCK - STANDARD,4.3,14.2,269
2014,CHEVROLET,SILVERADO,PICKUP TRUCK - STANDARD,5.3,10.3,292
2014,CHEVROLET,SILVERADO,PICKUP TRUCK - STANDARD,5.3,13.7,270
2014,CHEVROLET,SILVERADO,PICKUP TRUCK - STANDARD,6.2,11.4,324
2014,CHEVROLET,SILVERADO 4WD,PICKUP TRUCK - STANDARD,4.3,10.6,290
2014,CHEVROLET,SILVERADO 4WD,PICKUP TRUCK - STANDARD,4.3,15.1,285
2014,CHEVROLET,SILVERADO 4WD,PICKUP TRUCK - STANDARD,5.3,10.6,299
2014,CHEVROLET,SILVERADO 4WD,PICKUP TRUCK - STANDARD,5.3,14.2,277
2014,CHEVROLET,SILVERADO 4WD,PICKUP TRUCK - STANDARD,6.2,11.7,329
2014,CHEVROLET,SONIC,COMPACT,1.4,6.7,184
2014,CHEVROLET,SONIC,COMPACT,1.4,6.2,173
2014,CHEVROLET,SONIC,COMPACT,1.8,6.6,191
2014,CHEVROLET,SONIC,COMPACT,1.8,6.7,182
2014,CHEVROLET,SONIC 5,MID-SIZE,1.4,6.7,184
2014,CHEVROLET,SONIC 5,MID-SIZE,1.4,6.2,172
2014,CHEVROLET,SONIC 5,MID-SIZE,1.8,6.6,191
2014,CHEVROLET,SONIC 5,MID-SIZE,1.8,6.7,182
2014,CHEVROLET,SONIC 5 RS,MID-SIZE,1.4,7,191
2014,CHEVROLET,SONIC 5 RS,MID-SIZE,1.4,7,182
2014,CHEVROLET,SONIC RS,COMPACT,1.4,7,191
2014,CHEVROLET,SONIC RS,COMPACT,1.4,7,182
2014,CHEVROLET,SPARK,SUBCOMPACT,1.2,6,159
2014,CHEVROLET,SPARK,SUBCOMPACT,1.2,6,159
2014,CHEVROLET,SUBURBAN,SUV - STANDARD,5.3,11.1,317
2014,CHEVROLET,SUBURBAN,SUV - STANDARD,5.3,14.6,294
2014,CHEVROLET,SUBURBAN 4WD,SUV - STANDARD,5.3,11.1,317
2014,CHEVROLET,SUBURBAN 4WD,SUV - STANDARD,5.3,14.6,294
2014,CHEVROLET,TAHOE,SUV - STANDARD,5.3,11.1,317
2014,CHEVROLET,TAHOE,SUV - STANDARD,5.3,14.6,294
2014,CHEVROLET,TAHOE 4WD,SUV - STANDARD,5.3,11.1,317
2014,CHEVROLET,TAHOE 4WD,SUV - STANDARD,5.3,14.6,294
2014,CHEVROLET,TRAVERSE,SUV - STANDARD,3.6,9.9,283
2014,CHEVROLET,TRAVERSE AWD,SUV - STANDARD,3.6,10.2,290
2014,CHEVROLET,TRAX,SUV - SMALL,1.4,7.1,193
2014,CHEVROLET,TRAX,SUV - SMALL,1.4,6.8,186
2014,CHEVROLET,TRAX AWD,SUV - SMALL,1.4,7.8,207
2014,CHRYSLER,300,FULL-SIZE,3.6,7.7,237
2014,CHRYSLER,200 CONVERTIBLE,COMPACT,2.4,8.2,232
2014,CHRYSLER,200 CONVERTIBLE,COMPACT,2.4,8.1,246
2014,CHRYSLER,200 CONVERTIBLE FFV,COMPACT,3.6,8.1,242
2014,CHRYSLER,200 CONVERTIBLE FFV,COMPACT,3.6,11.2,230
2014,CHRYSLER,200 SEDAN,MID-SIZE,2.4,8,225
2014,CHRYSLER,200 SEDAN,MID-SIZE,2.4,7.6,230
2014,CHRYSLER,200 SEDAN FFV,MID-SIZE,3.6,8.1,242
2014,CHRYSLER,200 SEDAN FFV,MID-SIZE,3.6,11.2,230
2014,CHRYSLER,300 (MDS),FULL-SIZE,5.7,9.2,294
2014,CHRYSLER,300 AWD,FULL-SIZE,3.6,8.6,251
2014,CHRYSLER,300 AWD (MDS),FULL-SIZE,5.7,10,308
2014,CHRYSLER,300 AWD FFV,FULL-SIZE,3.6,8.6,251
2014,CHRYSLER,300 AWD FFV,FULL-SIZE,3.6,11.7,237
2014,CHRYSLER,300 FFV,FULL-SIZE,3.6,7.7,237
2014,CHRYSLER,300 FFV,FULL-SIZE,3.6,10.3,222
2014,CHRYSLER,300 SRT (MDS),FULL-SIZE,6.4,10.3,317
2014,CHRYSLER,TOWN & COUNTRY FFV,MINIVAN,3.6,9.5,276
2014,CHRYSLER,TOWN & COUNTRY FFV,MINIVAN,3.6,13.3,269
2014,DODGE,AVENGER,MID-SIZE,2.4,8,225
2014,DODGE,AVENGER,MID-SIZE,2.4,7.6,230
2014,DODGE,AVENGER FFV,MID-SIZE,3.6,8.1,242
2014,DODGE,AVENGER FFV,MID-SIZE,3.6,11.2,230
2014,DODGE,CHALLENGER,MID-SIZE,3.6,8.7,258
2014,DODGE,CHALLENGER,MID-SIZE,5.7,10,301
2014,DODGE,CHALLENGER (MDS),MID-SIZE,5.7,9.2,294
2014,DODGE,CHALLENGER SRT,MID-SIZE,6.4,10.4,320
2014,DODGE,CHALLENGER SRT (MDS),MID-SIZE,6.4,10.3,317
2014,DODGE,CHARGER,FULL-SIZE,3.6,8.7,258
2014,DODGE,CHARGER,FULL-SIZE,3.6,7.7,237
2014,DODGE,CHARGER (MDS),FULL-SIZE,5.7,9.2,294
2014,DODGE,CHARGER AWD,FULL-SIZE,3.6,8.6,251
2014,DODGE,CHARGER AWD (MDS),FULL-SIZE,5.7,10,308
2014,DODGE,CHARGER AWD FFV,FULL-SIZE,3.6,8.6,251
2014,DODGE,CHARGER AWD FFV,FULL-SIZE,3.6,11.7,237
2014,DODGE,CHARGER FFV,FULL-SIZE,3.6,8.7,258
2014,DODGE,CHARGER FFV,FULL-SIZE,3.6,12.6,251
2014,DODGE,CHARGER FFV,FULL-SIZE,3.6,7.6,235
2014,DODGE,CHARGER FFV,FULL-SIZE,3.6,10.3,222
2014,DODGE,CHARGER SRT (MDS),FULL-SIZE,6.4,10.3,317
2014,DODGE,DART,MID-SIZE,2,6.5,186
2014,DODGE,DART,MID-SIZE,2.4,6.8,198
2014,DODGE,DART,MID-SIZE,2.4,6.7,202
2014,DODGE,DART FFV,MID-SIZE,2,7,198
2014,DODGE,DART FFV,MID-SIZE,2,9.8,195
2014,DODGE,DART GT,MID-SIZE,2.4,7.5,212
2014,DODGE,DART GT,MID-SIZE,2.4,7,202
2014,DODGE,DART TURBO AERO,MID-SIZE,1.4,5.9,168
2014,DODGE,DART TURBO AERO,MID-SIZE,1.4,5.8,168
2014,DODGE,DURANGO AWD (MDS),SUV - STANDARD,5.7,10.8,331
2014,DODGE,DURANGO AWD FFV,SUV - STANDARD,3.6,9.8,278
2014,DODGE,DURANGO AWD FFV,SUV - STANDARD,3.6,13,250
2014,DODGE,GRAND CARAVAN FFV,MINIVAN,3.6,9.4,271
2014,DODGE,GRAND CARAVAN FFV,MINIVAN,3.6,13.1,264
2014,DODGE,JOURNEY,SUV - SMALL,2.4,9.1,255
2014,DODGE,JOURNEY AWD,SUV - SMALL,3.6,9.9,285
2014,DODGE,JOURNEY FFV,SUV - SMALL,3.6,9.4,276
2014,DODGE,JOURNEY FFV,SUV - SMALL,3.6,12.9,259
2014,FIAT,500 ABARTH CABRIO,MINICOMPACT,1.4,6.9,179
2014,FIAT,500 ABARTH HATCHBACK,MINICOMPACT,1.4,6.9,179
2014,FIAT,500 CABRIO,MINICOMPACT,1.4,6.9,182
2014,FIAT,500 CABRIO,MINICOMPACT,1.4,6.3,166
2014,FIAT,500 CABRIO TURBO,MINICOMPACT,1.4,6.9,179
2014,FIAT,500 HATCHBACK,MINICOMPACT,1.4,6.9,182
2014,FIAT,500 HATCHBACK,MINICOMPACT,1.4,5.9,156
2014,FIAT,500 HATCHBACK TURBO,MINICOMPACT,1.4,6.9,179
2014,FIAT,500L TURBO,STATION WAGON - SMALL,1.4,7.2,200
2014,FIAT,500L TURBO,STATION WAGON - SMALL,1.4,7.2,193
2014,FORD,C-MAX HYBRID,FULL-SIZE,2,6.4,138
2014,FORD,E150 VAN FFV,VAN - CARGO,4.6,14.4,373
2014,FORD,E150 VAN FFV,VAN - CARGO,4.6,19.2,350
2014,FORD,E150 VAN FFV,VAN - CARGO,5.4,14.7,396
2014,FORD,E150 VAN FFV,VAN - CARGO,5.4,19.6,360
2014,FORD,E150 WAGON FFV,VAN - PASSENGER,4.6,14.6,386
2014,FORD,E150 WAGON FFV,VAN - PASSENGER,4.6,20,368
2014,FORD,E350 WAGON,VAN - PASSENGER,6.8,17.8,488
2014,FORD,E350 WAGON FFV,VAN - PASSENGER,5.4,15.5,421
2014,FORD,E350 WAGON FFV,VAN - PASSENGER,5.4,20.5,382
2014,FORD,EDGE,SUV - SMALL,2,7.9,225
2014,FORD,EDGE,SUV - SMALL,3.5,8.7,248
2014,FORD,EDGE AWD,SUV - SMALL,3.5,9.3,264
2014,FORD,EDGE AWD,SUV - SMALL,3.7,10.4,281
2014,FORD,ESCAPE,SUV - SMALL,1.6,7.4,209
2014,FORD,ESCAPE,SUV - SMALL,2,8,221
2014,FORD,ESCAPE,SUV - SMALL,2.5,7.5,216
2014,FORD,ESCAPE AWD,SUV - SMALL,1.6,7.9,214
2014,FORD,ESCAPE AWD,SUV - SMALL,2,8.5,230
2014,FORD,EXPEDITION 4X4 FFV,SUV - STANDARD,5.4,13.3,368
2014,FORD,EXPEDITION 4X4 FFV,SUV - STANDARD,5.4,18,346
2014,FORD,EXPLORER,SUV - STANDARD,2,8.3,235
2014,FORD,EXPLORER AWD,SUV - STANDARD,3.5,10.7,299
2014,FORD,EXPLORER FFV,SUV - STANDARD,3.5,9.7,274
2014,FORD,EXPLORER FFV,SUV - STANDARD,3.5,12.9,254
2014,FORD,EXPLORER FFV AWD,SUV - STANDARD,3.5,10.3,288
2014,FORD,EXPLORER FFV AWD,SUV - STANDARD,3.5,13.9,267
2014,FORD,F150,PICKUP TRUCK - STANDARD,3.5,10.6,292
2014,FORD,F150,PICKUP TRUCK - STANDARD,3.5,10.6,294
2014,FORD,F150,PICKUP TRUCK - STANDARD,6.2,12.9,366
2014,FORD,F150 4X4,PICKUP TRUCK - STANDARD,3.5,11.3,317
2014,FORD,F150 4X4,PICKUP TRUCK - STANDARD,3.5,11,308
2014,FORD,F150 4X4,PICKUP TRUCK - STANDARD,6.2,14.4,402
2014,FORD,F150 FFV,PICKUP TRUCK - STANDARD,3.7,10.3,283
2014,FORD,F150 FFV,PICKUP TRUCK - STANDARD,3.7,13.7,264
2014,FORD,F150 FFV,PICKUP TRUCK - STANDARD,3.7,10.3,283
2014,FORD,F150 FFV,PICKUP TRUCK - STANDARD,3.7,13.7,264
2014,FORD,F150 FFV,PICKUP TRUCK - STANDARD,5,12.3,336
2014,FORD,F150 FFV,PICKUP TRUCK - STANDARD,5,16.7,315
2014,FORD,F150 FFV,PICKUP TRUCK - STANDARD,5,12.3,336
2014,FORD,F150 FFV,PICKUP TRUCK - STANDARD,5,16.7,315
2014,FORD,F150 FFV 4X4,PICKUP TRUCK - STANDARD,3.7,11.4,308
2014,FORD,F150 FFV 4X4,PICKUP TRUCK - STANDARD,3.7,15.3,288
2014,FORD,F150 FFV 4X4,PICKUP TRUCK - STANDARD,3.7,11.4,308
2014,FORD,F150 FFV 4X4,PICKUP TRUCK - STANDARD,3.7,15.3,288
2014,FORD,F150 FFV 4X4,PICKUP TRUCK - STANDARD,5,12.6,343
2014,FORD,F150 FFV 4X4,PICKUP TRUCK - STANDARD,5,17,320
2014,FORD,F150 FFV 4X4,PICKUP TRUCK - STANDARD,5,12.5,340
2014,FORD,F150 FFV 4X4,PICKUP TRUCK - STANDARD,5,16.9,318
2014,FORD,F150 RAPTOR 4X4,PICKUP TRUCK - STANDARD,6.2,15,414
2014,FORD,FIESTA,SUBCOMPACT,1.6,6.5,175
2014,FORD,FIESTA,SUBCOMPACT,1.6,6.4,175
2014,FORD,FIESTA SFE,SUBCOMPACT,1,5.5,152
2014,FORD,FIESTA SFE,SUBCOMPACT,1.6,5.8,161
2014,FORD,FIESTA ST,COMPACT,1.6,6.8,184
2014,FORD,FLEX,SUV - STANDARD,3.5,9.4,264
2014,FORD,FLEX AWD,SUV - STANDARD,3.5,10.2,278
2014,FORD,FLEX AWD (EcoBoost),SUV - STANDARD,3.5,10.4,294
2014,FORD,FOCUS,COMPACT,2,7.4,205
2014,FORD,FOCUS FFV,COMPACT,2,6.4,177
2014,FORD,FOCUS FFV,COMPACT,2,8.5,165
2014,FORD,FOCUS FFV,COMPACT,2,6.4,179
2014,FORD,FOCUS FFV,COMPACT,2,8.5,165
2014,FORD,FOCUS FFV,COMPACT,2,6.6,184
2014,FORD,FOCUS FFV,COMPACT,2,8.9,170
2014,FORD,FOCUS SFE FFV,COMPACT,2,5.8,166
2014,FORD,FOCUS SFE FFV,COMPACT,2,8.3,162
2014,FORD,FUSION,MID-SIZE,1.5,6.6,196
2014,FORD,FUSION,MID-SIZE,1.6,6.4,186
2014,FORD,FUSION,MID-SIZE,2,7.1,207
2014,FORD,FUSION,MID-SIZE,2.5,7,205
2014,FORD,FUSION (Start/Stop),MID-SIZE,1.5,6.3,186
2014,FORD,FUSION AWD,MID-SIZE,2,7.5,216
2014,FORD,FUSION HYBRID,MID-SIZE,2,5.7,126
2014,FORD,MUSTANG,SUBCOMPACT,3.7,7.8,235
2014,FORD,MUSTANG,SUBCOMPACT,3.7,8.1,244
2014,FORD,MUSTANG,SUBCOMPACT,5,9.3,264
2014,FORD,MUSTANG,SUBCOMPACT,5,9.4,292
2014,FORD,MUSTANG,SUBCOMPACT,5.8,9.9,304
2014,FORD,MUSTANG CONVERTIBLE,SUBCOMPACT,3.7,8.2,244
2014,FORD,TAURUS,FULL-SIZE,2,7.3,209
2014,FORD,TAURUS AWD,FULL-SIZE,3.5,9.4,271
2014,FORD,TAURUS FFV,FULL-SIZE,3.5,8.1,237
2014,FORD,TAURUS FFV,FULL-SIZE,3.5,11.1,229
2014,FORD,TAURUS FFV AWD,FULL-SIZE,3.5,9.1,258
2014,FORD,TAURUS FFV AWD,FULL-SIZE,3.5,12.5,251
2014,FORD,TRANSIT CONNECT,SPECIAL PURPOSE VEHICLE,1.6,8,218
2014,FORD,TRANSIT CONNECT,SPECIAL PURPOSE VEHICLE,2.5,8.2,228
2014,FORD,TRANSIT CONNECT TAXI,SPECIAL PURPOSE VEHICLE,1.6,8.3,232
2014,FORD,TRANSIT CONNECT WAGON,SPECIAL PURPOSE VEHICLE,2.5,8.5,239
2014,GMC,ACADIA,SUV - STANDARD,3.6,9.9,283
2014,GMC,ACADIA AWD,SUV - STANDARD,3.6,10.4,297
2014,GMC,SAVANA 1500 CARGO,VAN - CARGO,4.3,12.7,347
2014,GMC,SAVANA 1500 CARGO,VAN - CARGO,5.3,13.4,366
2014,GMC,SAVANA 1500 CARGO,VAN - CARGO,5.3,17.7,334
2014,GMC,SAVANA 1500 CARGO AWD,VAN - CARGO,5.3,14.2,380
2014,GMC,SAVANA 1500 CARGO AWD,VAN - CARGO,5.3,18.8,344
2014,GMC,SAVANA 1500 CARGO CONV,VAN - CARGO,5.3,13.9,380
2014,GMC,SAVANA 1500 CARGO CONV,VAN - CARGO,5.3,18.5,344
2014,GMC,SAVANA 1500 CARGO CONV AWD,VAN - CARGO,5.3,14.2,380
2014,GMC,SAVANA 1500 CARGO CONV AWD,VAN - CARGO,5.3,19.3,362
2014,GMC,SAVANA 1500 PASSENGER,VAN - PASSENGER,5.3,13.9,380
2014,GMC,SAVANA 1500 PASSENGER,VAN - PASSENGER,5.3,18.5,344
2014,GMC,SAVANA 1500 PASSENGER AWD,VAN - PASSENGER,5.3,14.2,380
2014,GMC,SAVANA 1500 PASSENGER AWD,VAN - PASSENGER,5.3,19.3,362
2014,GMC,SAVANA 2500 PASSENGER,VAN - PASSENGER,4.8,14.2,414
2014,GMC,SAVANA 2500 PASSENGER,VAN - PASSENGER,6,15,432
2014,GMC,SAVANA 2500 PASSENGER,VAN - PASSENGER,6,20.4,411
2014,GMC,SAVANA 3500 PASSENGER,VAN - PASSENGER,4.8,14.3,419
2014,GMC,SAVANA 3500 PASSENGER,VAN - PASSENGER,6,15,435
2014,GMC,SAVANA 3500 PASSENGER,VAN - PASSENGER,6,20.5,413
2014,GMC,SIERRA,PICKUP TRUCK - STANDARD,4.3,9.9,271
2014,GMC,SIERRA,PICKUP TRUCK - STANDARD,4.3,14.2,269
2014,GMC,SIERRA,PICKUP TRUCK - STANDARD,5.3,10.3,292
2014,GMC,SIERRA,PICKUP TRUCK - STANDARD,5.3,13.7,270
2014,GMC,SIERRA,PICKUP TRUCK - STANDARD,6.2,11.4,324
2014,GMC,SIERRA 4WD,PICKUP TRUCK - STANDARD,4.3,10.6,290
2014,GMC,SIERRA 4WD,PICKUP TRUCK - STANDARD,4.3,15.1,285
2014,GMC,SIERRA 4WD,PICKUP TRUCK - STANDARD,5.3,10.6,299
2014,GMC,SIERRA 4WD,PICKUP TRUCK - STANDARD,5.3,14.2,277
2014,GMC,SIERRA 4WD,PICKUP TRUCK - STANDARD,6.2,11.7,329
2014,GMC,TERRAIN,SUV - SMALL,2.4,7.3,209
2014,GMC,TERRAIN,SUV - SMALL,3.6,9.6,276
2014,GMC,TERRAIN,SUV - SMALL,3.6,13.1,259
2014,GMC,TERRAIN AWD,SUV - SMALL,2.4,8.2,230
2014,GMC,TERRAIN AWD,SUV - SMALL,3.6,9.9,290
2014,GMC,TERRAIN AWD,SUV - SMALL,3.6,13.6,272
2014,GMC,YUKON,SUV - STANDARD,5.3,11.1,317
2014,GMC,YUKON,SUV - STANDARD,5.3,14.6,294
2014,GMC,YUKON 4WD,SUV - STANDARD,5.3,11.1,317
2014,GMC,YUKON 4WD,SUV - STANDARD,5.3,14.6,294
2014,GMC,YUKON DENALI AWD,SUV - STANDARD,6.2,11.8,338
2014,GMC,YUKON DENALI AWD,SUV - STANDARD,6.2,16.1,322
2014,GMC,YUKON DENALI XL AWD,SUV - STANDARD,6.2,13.4,377
2014,GMC,YUKON DENALI XL AWD,SUV - STANDARD,6.2,17.8,354
2014,GMC,YUKON XL,SUV - STANDARD,5.3,11.1,317
2014,GMC,YUKON XL,SUV - STANDARD,5.3,14.6,294
2014,GMC,YUKON XL 4WD,SUV - STANDARD,5.3,11.1,317
2014,GMC,YUKON XL 4WD,SUV - STANDARD,5.3,14.6,294
2014,HONDA,ACCORD,MID-SIZE,2.4,6.6,182
2014,HONDA,ACCORD,MID-SIZE,2.4,6.9,186
2014,HONDA,ACCORD,MID-SIZE,2.4,6.9,200
2014,HONDA,ACCORD,MID-SIZE,3.5,6.8,209
2014,HONDA,ACCORD,MID-SIZE,3.5,7.3,221
2014,HONDA,ACCORD,MID-SIZE,3.5,8.4,251
2014,HONDA,ACCORD HYBRID,MID-SIZE,2,4.9,110
2014,HONDA,CIVIC,COMPACT,1.8,6,161
2014,HONDA,CIVIC,COMPACT,1.8,6.2,166
2014,HONDA,CIVIC,COMPACT,1.8,6.6,175
2014,HONDA,CROSSTOUR AWD,SUV - SMALL,3.5,8.5,246
2014,HONDA,CR-V,SUV - SMALL,2.4,7.6,209
2014,HONDA,CR-V AWD,SUV - SMALL,2.4,7.9,216
2014,HONDA,CR-Z,TWO-SEATER,1.5,6,145
2014,HONDA,CR-Z,TWO-SEATER,1.5,6.1,159
2014,HONDA,FIT,STATION WAGON - SMALL,1.5,6.5,172
2014,HONDA,FIT,STATION WAGON - SMALL,1.5,6.9,177
2014,HONDA,ODYSSEY,MINIVAN,3.5,8.5,244
2014,HONDA,PILOT,SUV - SMALL,3.5,9.3,265
2014,HONDA,PILOT AWD,SUV - SMALL,3.5,9.7,276
2014,HONDA,RIDGELINE AWD,PICKUP TRUCK - STANDARD,3.5,11.3,308
2014,HYUNDAI,ACCENT,COMPACT,1.6,6.3,177
2014,HYUNDAI,ACCENT,COMPACT,1.6,6.4,177
2014,HYUNDAI,ELANTRA GT,MID-SIZE,2,7.2,198
2014,HYUNDAI,ELANTRA GT,MID-SIZE,2,7,196
2014,HYUNDAI,EQUUS,FULL-SIZE,5,10.2,304
2014,HYUNDAI,GENESIS,FULL-SIZE,3.8,8.7,255
2014,HYUNDAI,SANTA FE,SUV - SMALL,3.3,9.1,258
2014,HYUNDAI,SANTA FE 4WD,SUV - SMALL,3.3,9.5,267
2014,HYUNDAI,SANTA FE SPORT,SUV - SMALL,2.4,8.7,237
2014,HYUNDAI,SANTA FE SPORT 4WD,SUV - SMALL,2,9.7,264
2014,HYUNDAI,SANTA FE SPORT 4WD,SUV - SMALL,2.4,9.4,255
2014,HYUNDAI,SONATA,FULL-SIZE,2,7.5,221
2014,HYUNDAI,SONATA,FULL-SIZE,2.4,7,196
2014,HYUNDAI,SONATA HYBRID,MID-SIZE,2.4,5.9,143
2014,HYUNDAI,SONATA HYBRID LIMITED,MID-SIZE,2.4,5.9,145
2014,HYUNDAI,TUCSON,SUV - SMALL,2,8.2,214
2014,HYUNDAI,TUCSON,SUV - SMALL,2,8.6,232
2014,HYUNDAI,TUCSON,SUV - SMALL,2.4,8.3,230
2014,HYUNDAI,TUCSON 4WD,SUV - SMALL,2,9.3,242
2014,HYUNDAI,TUCSON 4WD,SUV - SMALL,2.4,9.3,244
2014,HYUNDAI,VELOSTER,COMPACT,1.6,6.6,177
2014,HYUNDAI,VELOSTER,COMPACT,1.6,6.7,184
2014,HYUNDAI,VELOSTER TURBO,COMPACT,1.6,7.5,202
2014,HYUNDAI,VELOSTER TURBO,COMPACT,1.6,7.1,196
2014,INFINITI,Q50,MID-SIZE,3.7,8,235
2014,INFINITI,Q50 AWD,MID-SIZE,3.7,8.7,248
2014,INFINITI,Q50 HYBRID,COMPACT,3.5,6.7,172
2014,INFINITI,Q50 HYBRID AWD,COMPACT,3.5,7.5,189
2014,INFINITI,Q60 AWD COUPE,SUBCOMPACT,3.7,9.4,265
2014,INFINITI,Q60 CONVERTIBLE,SUBCOMPACT,3.7,9.3,269
2014,INFINITI,Q60 CONVERTIBLE,SUBCOMPACT,3.7,9.8,283
2014,INFINITI,Q60 COUPE,SUBCOMPACT,3.7,8.9,255
2014,INFINITI,Q60 COUPE,SUBCOMPACT,3.7,9.3,267
2014,INFINITI,Q70,MID-SIZE,3.7,8.9,253
2014,INFINITI,Q70,MID-SIZE,5.6,9.5,283
2014,INFINITI,Q70 AWD,MID-SIZE,3.7,9.6,267
2014,INFINITI,Q70 AWD,MID-SIZE,5.6,10.2,294
2014,INFINITI,Q70 HYBRID,MID-SIZE,3.5,7,175
2014,INFINITI,QX50 AWD,STATION WAGON - SMALL,3.7,9.6,271
2014,INFINITI,QX60,SUV - SMALL,3.5,9,244
2014,INFINITI,QX60 AWD,SUV - SMALL,3.5,9.3,253
2014,INFINITI,QX60 HYBRID AWD,SUV - STANDARD,2.5,8.2,196
2014,INFINITI,QX70 AWD,SUV - SMALL,3.7,10.7,294
2014,INFINITI,QX70 AWD,SUV - SMALL,5,11.9,334
2014,INFINITI,QX80 4WD,SUV - STANDARD,5.6,12.1,345
2014,JAGUAR,F-TYPE CONVERTIBLE,TWO-SEATER,3,8.4,237
2014,JAGUAR,F-TYPE S CONVERTIBLE,TWO-SEATER,3,8.7,244
2014,JAGUAR,F-TYPE V8 S CONVERTIBLE,TWO-SEATER,5,10.2,294
2014,JAGUAR,XF,MID-SIZE,2,8.2,242
2014,JAGUAR,XF 3.0L AWD,MID-SIZE,3,9.1,281
2014,JAGUAR,XFR,MID-SIZE,5,10.3,306
2014,JAGUAR,XFR,MID-SIZE,5,14.1,290
2014,JAGUAR,XFR-S,MID-SIZE,5,10.3,306
2014,JAGUAR,XJ AWD,FULL-SIZE,3,9.6,285
2014,JAGUAR,XJ SUPERCHARGED,FULL-SIZE,5,10.2,306
2014,JAGUAR,XJ SUPERCHARGED,FULL-SIZE,5,13.6,280
2014,JAGUAR,XJL AWD PORTFOLIO,FULL-SIZE,3,9.6,285
2014,JAGUAR,XJL SUPERCHARGED,FULL-SIZE,5,10.2,306
2014,JAGUAR,XJL SUPERCHARGED,FULL-SIZE,5,13.6,280
2014,JAGUAR,XJR,FULL-SIZE,5,10.2,306
2014,JAGUAR,XJR LWB,FULL-SIZE,5,10.2,306
2014,JAGUAR,XK CONVERTIBLE,MINICOMPACT,5,10.6,301
2014,JAGUAR,XK COUPE,MINICOMPACT,5,9.9,290
2014,JAGUAR,XKR CONVERTIBLE,MINICOMPACT,5,10.9,315
2014,JAGUAR,XKR COUPE,MINICOMPACT,5,10.9,310
2014,JAGUAR,XKR-S CONVERTIBLE,MINICOMPACT,5,10.9,315
2014,JAGUAR,XKR-S COUPE,MINICOMPACT,5,10.9,310
2014,JEEP,CHEROKEE,SUV - SMALL,2.4,7.7,218
2014,JEEP,CHEROKEE,SUV - SMALL,3.2,8.3,242
2014,JEEP,CHEROKEE 4X4,SUV - SMALL,2.4,8.3,230
2014,JEEP,CHEROKEE 4X4,SUV - SMALL,3.2,8.8,248
2014,JEEP,CHEROKEE 4X4 Active Drive II,SUV - SMALL,2.4,8.6,232
2014,JEEP,CHEROKEE 4X4 Active Drive II,SUV - SMALL,3.2,9.1,253
2014,JEEP,CHEROKEE TRAILHAWK 4X4,SUV - SMALL,2.4,9.4,251
2014,JEEP,CHEROKEE TRAILHAWK 4X4,SUV - SMALL,3.2,9.5,267
2014,JEEP,COMPASS,SUV - SMALL,2,8.3,225
2014,JEEP,COMPASS,SUV - SMALL,2,7.8,209
2014,JEEP,COMPASS,SUV - SMALL,2.4,8.3,225
2014,JEEP,COMPASS,SUV - SMALL,2.4,8.3,216
2014,JEEP,COMPASS 4X4,SUV - SMALL,2.4,8.7,235
2014,JEEP,COMPASS 4X4,SUV - SMALL,2.4,8.4,216
2014,JEEP,COMPASS 4X4 TRAIL RATED,SUV - SMALL,2.4,10.3,255
2014,JEEP,GRAND CHEROKEE 4X4 (MDS),SUV - STANDARD,5.7,11.7,340
2014,JEEP,GRAND CHEROKEE 4X4 DIESEL,SUV - STANDARD,3,8.4,267
2014,JEEP,GRAND CHEROKEE 4X4 FFV,SUV - STANDARD,3.6,9.8,278
2014,JEEP,GRAND CHEROKEE 4X4 FFV,SUV - STANDARD,3.6,13,250
2014,JEEP,GRAND CHEROKEE 4X4 SRT (MDS),SUV - STANDARD,6.4,12.6,363
2014,JEEP,PATRIOT,SUV - SMALL,2,8.3,225
2014,JEEP,PATRIOT,SUV - SMALL,2,7.8,209
2014,JEEP,PATRIOT,SUV - SMALL,2.4,8.3,225
2014,JEEP,PATRIOT,SUV - SMALL,2.4,8.3,216
2014,JEEP,PATRIOT 4X4,SUV - SMALL,2.4,8.7,235
2014,JEEP,PATRIOT 4X4,SUV - SMALL,2.4,8.4,216
2014,JEEP,PATRIOT 4X4 TRAIL RATED,SUV - SMALL,2.4,10.3,255
2014,JEEP,WRANGLER 4X4 (2-DOOR),SUV - SMALL,3.6,11.1,294
2014,JEEP,WRANGLER 4X4 (2-DOOR),SUV - SMALL,3.6,11,294
2014,JEEP,WRANGLER UNLIMITED 4X4 (4-DOOR),SUV - SMALL,3.6,11.7,308
2014,JEEP,WRANGLER UNLIMITED 4X4 (4-DOOR),SUV - SMALL,3.6,11.4,308
2014,KIA,CADENZA,FULL-SIZE,3.3,8.8,251
2014,KIA,FORTE,MID-SIZE,1.8,6.6,191
2014,KIA,FORTE,MID-SIZE,1.8,6.4,184
2014,KIA,FORTE,MID-SIZE,2,6.6,193
2014,KIA,FORTE,MID-SIZE,2,6.8,193
2014,KIA,FORTE 5,FULL-SIZE,1.6,8,223
2014,KIA,FORTE 5,FULL-SIZE,1.6,8.2,225
2014,KIA,FORTE 5,FULL-SIZE,2,6.8,193
2014,KIA,FORTE 5,FULL-SIZE,2,7,196
2014,KIA,FORTE KOUP,COMPACT,1.6,7.9,216
2014,KIA,FORTE KOUP,COMPACT,1.6,8.1,221
2014,KIA,FORTE KOUP,COMPACT,2,7,193
2014,KIA,FORTE KOUP,COMPACT,2,7.2,198
2014,KIA,OPTIMA,MID-SIZE,2,7.6,228
2014,KIA,OPTIMA,MID-SIZE,2.4,6.8,200
2014,KIA,RIO,COMPACT,1.6,6.3,175
2014,KIA,RIO,COMPACT,1.6,6.4,177
2014,KIA,RIO ECO,COMPACT,1.6,6.4,175
2014,KIA,RONDO,STATION WAGON - MID-SIZE,2,7.5,212
2014,KIA,RONDO,STATION WAGON - MID-SIZE,2,7.4,214
2014,KIA,SEDONA,MINIVAN,3.5,9.9,276
2014,KIA,SORENTO,SUV - SMALL,2.4,8.5,237
2014,KIA,SORENTO,SUV - SMALL,3.3,9.5,262
2014,KIA,SORENTO 4WD,SUV - SMALL,2.4,9.3,253
2014,KIA,SORENTO 4WD,SUV - SMALL,3.3,9.9,271
2014,KIA,SOUL,STATION WAGON - SMALL,1.6,7.9,205
2014,KIA,SOUL,STATION WAGON - SMALL,1.6,7.8,207
2014,KIA,SOUL,STATION WAGON - SMALL,2,7.8,209
2014,KIA,SOUL ECO Dynamics,STATION WAGON - SMALL,2,7.8,202
2014,KIA,SPORTAGE,SUV - SMALL,2.4,8.3,230
2014,KIA,SPORTAGE,SUV - SMALL,2.4,9.3,260
2014,KIA,SPORTAGE AWD,SUV - SMALL,2,9.7,262
2014,KIA,SPORTAGE AWD,SUV - SMALL,2.4,9.1,246
2014,LAMBORGHINI,AVENTADOR COUPE,TWO-SEATER,6.5,12.9,421
2014,LAMBORGHINI,GALLARDO COUPE,TWO-SEATER,5.2,12.8,361
2014,LAMBORGHINI,GALLARDO COUPE,TWO-SEATER,5.2,13.5,400
2014,LAND ROVER,LR2,SUV - SMALL,2,9.9,274
2014,LAND ROVER,LR4,SUV - STANDARD,3,12.4,334
2014,LAND ROVER,RANGE ROVER EVOQUE,SUV - SMALL,2,7.9,225
2014,LAND ROVER,RANGE ROVER EVOQUE COUPE,SUV - SMALL,2,7.9,225
2014,LAND ROVER,RANGE ROVER LWB V8 5.0 SC,SUV - STANDARD,5,12.2,354
2014,LAND ROVER,RANGE ROVER LWB V8 5.0 SC FFV,SUV - STANDARD,5,12.5,347
2014,LAND ROVER,RANGE ROVER LWB V8 5.0 SC FFV,SUV - STANDARD,5,16.9,342
2014,LAND ROVER,RANGE ROVER SPORT V6 3.0 SC,SUV - STANDARD,3,10.2,285
2014,LAND ROVER,RANGE ROVER SPORT V6 3.0 SC FFV,SUV - STANDARD,3,10.2,285
2014,LAND ROVER,RANGE ROVER SPORT V6 3.0 SC FFV,SUV - STANDARD,3,14.9,278
2014,LAND ROVER,RANGE ROVER SPORT V8 5.0 SC,SUV - STANDARD,5,12.2,345
2014,LAND ROVER,RANGE ROVER SPORT V8 5.0 SC FFV,SUV - STANDARD,5,12.3,338
2014,LAND ROVER,RANGE ROVER SPORT V8 5.0 SC FFV,SUV - STANDARD,5,16.6,331
2014,LAND ROVER,RANGE ROVER V6 3.0 SC,SUV - STANDARD,3,10.1,283
2014,LAND ROVER,RANGE ROVER V6 3.0 SC FFV,SUV - STANDARD,3,10.1,283
2014,LAND ROVER,RANGE ROVER V6 3.0 SC FFV,SUV - STANDARD,3,14.8,277
2014,LAND ROVER,RANGE ROVER V8 5.0 SC,SUV - STANDARD,5,12.2,354
2014,LAND ROVER,RANGE ROVER V8 5.0 SC FFV,SUV - STANDARD,5,12.5,347
2014,LAND ROVER,RANGE ROVER V8 5.0 SC FFV,SUV - STANDARD,5,16.9,342
2014,LEXUS,CT 200h,COMPACT,1.8,5.8,129
2014,LEXUS,ES 300h,MID-SIZE,2.5,6.2,138
2014,LEXUS,ES 350,MID-SIZE,3.5,7.6,221
2014,LEXUS,GS 350,MID-SIZE,3.5,8.3,239
2014,LEXUS,GS 350 AWD,MID-SIZE,3.5,9.1,253
2014,LEXUS,GS 450h,MID-SIZE,3.5,7.4,175
2014,LEXUS,GX 460,SUV - STANDARD,4.6,11.8,320
2014,LEXUS,IS 250,COMPACT,2.5,7.8,223
2014,LEXUS,IS 250 AWD,COMPACT,2.5,8.7,239
2014,LEXUS,IS 250 C,SUBCOMPACT,2.5,7.8,223
2014,LEXUS,IS 350,COMPACT,3.5,8.7,244
2014,LEXUS,IS 350 AWD,COMPACT,3.5,9.1,253
2014,LEXUS,IS 350 C,SUBCOMPACT,3.5,8.7,244
2014,LEXUS,IS F,SUBCOMPACT,5,10.1,290
2014,LEXUS,LS 460,MID-SIZE,4.6,9.6,283
2014,LEXUS,LS 460 AWD,MID-SIZE,4.6,10.3,297
2014,LEXUS,LS 460 L AWD,MID-SIZE,4.6,10.3,297
2014,LEXUS,LS 600h L,MID-SIZE,5,10.7,262
2014,LEXUS,LX 570,SUV - STANDARD,5.7,13.6,380
2014,LEXUS,RX 350 AWD,SUV - SMALL,3.5,9.8,269
2014,LEXUS,RX 350 AWD,SUV - SMALL,3.5,9.1,255
2014,LEXUS,RX 450h AWD,SUV - SMALL,3.5,8.6,189
2014,LINCOLN,MKS AWD,FULL-SIZE,3.5,9.4,271
2014,LINCOLN,MKS AWD,FULL-SIZE,3.7,9,260
2014,LINCOLN,MKT AWD,SUV - STANDARD,3.5,10.4,294
2014,LINCOLN,MKT LIVERY,SPECIAL PURPOSE VEHICLE,2,8.5,235
2014,LINCOLN,MKT LIVERY AWD,SPECIAL PURPOSE VEHICLE,3.7,9.9,281
2014,LINCOLN,MKX AWD,SUV - SMALL,3.7,10.4,281
2014,LINCOLN,MKZ,MID-SIZE,2,7.1,207
2014,LINCOLN,MKZ AWD,MID-SIZE,3.7,9.3,262
2014,LINCOLN,MKZ HYBRID,MID-SIZE,2,6.4,145
2014,LINCOLN,NAVIGATOR 4X4 FFV,SUV - STANDARD,5.4,13.3,368
2014,LINCOLN,NAVIGATOR 4X4 FFV,SUV - STANDARD,5.4,18,346
2014,MASERATI,GHIBLI,MID-SIZE,3,9.6,292
2014,MASERATI,GHIBLI AWD,MID-SIZE,3,9.6,292
2014,MASERATI,GRANTURISMO,SUBCOMPACT,4.7,11.4,347
2014,MASERATI,GRANTURISMO CONVERTIBLE,SUBCOMPACT,4.7,11.7,352
2014,MASERATI,QUATTROPORTE GTS,FULL-SIZE,3.8,10.7,334
2014,MASERATI,QUATTROPORTE SQ4,FULL-SIZE,3,9.7,301
2014,MAZDA,CX-5,SUV - SMALL,2,7.3,189
2014,MAZDA,CX-5,SUV - SMALL,2,6.8,184
2014,MAZDA,CX-5,SUV - SMALL,2.5,7.4,198
2014,MAZDA,CX-5 4WD,SUV - SMALL,2,7.6,196
2014,MAZDA,CX-5 4WD,SUV - SMALL,2.5,7.9,205
2014,MAZDA,CX-9,SUV - SMALL,3.7,10,283
2014,MAZDA,CX-9 4WD,SUV - SMALL,3.7,10.6,290
2014,MAZDA,MAZDA2,COMPACT,1.5,6.9,177
2014,MAZDA,MAZDA2,COMPACT,1.5,6.7,170
2014,MAZDA,MAZDA3 4-DOOR,COMPACT,2,5.7,159
2014,MAZDA,MAZDA3 4-DOOR,COMPACT,2,5.8,161
2014,MAZDA,MAZDA3 4-DOOR,COMPACT,2.5,6.1,170
2014,MAZDA,MAZDA3 4-DOOR (i-ELOOP),COMPACT,2.5,6.1,168
2014,MAZDA,MAZDA3 4-DOOR (SIL),COMPACT,2,5.8,161
2014,MAZDA,MAZDA3 5-DOOR,MID-SIZE,2,5.9,163
2014,MAZDA,MAZDA3 5-DOOR,MID-SIZE,2,5.9,166
2014,MAZDA,MAZDA3 5-DOOR,MID-SIZE,2.5,6.5,177
2014,MAZDA,MAZDA3 5-DOOR (i-ELOOP),MID-SIZE,2.5,6.1,168
2014,MAZDA,MAZDA3 5-DOOR (SIL),MID-SIZE,2,5.9,166
2014,MAZDA,MAZDA5,MINIVAN,2.5,8.4,223
2014,MAZDA,MAZDA5,MINIVAN,2.5,8.3,225
2014,MAZDA,MAZDA6,MID-SIZE,2.5,6.2,175
2014,MAZDA,MAZDA6,MID-SIZE,2.5,6.4,186
2014,MAZDA,MAZDA6 (i-ELOOP),MID-SIZE,2.5,5.9,168
2014,MAZDA,MX-5,TWO-SEATER,2,8.5,235
2014,MAZDA,MX-5,TWO-SEATER,2,8.5,221
2014,MAZDA,MX-5,TWO-SEATER,2,8.4,228
2014,MERCEDES-BENZ,B 250,STATION WAGON - SMALL,2,6.6,184
2014,MERCEDES-BENZ,C 250,COMPACT,1.8,7.5,216
2014,MERCEDES-BENZ,C 250 COUPE,SUBCOMPACT,1.8,7.4,216
2014,MERCEDES-BENZ,C 300 4MATIC FFV,COMPACT,3.5,8.5,242
2014,MERCEDES-BENZ,C 300 4MATIC FFV,COMPACT,3.5,11.1,224
2014,MERCEDES-BENZ,C 350,COMPACT,3.5,8.6,242
2014,MERCEDES-BENZ,C 350 4MATIC,COMPACT,3.5,8.6,239
2014,MERCEDES-BENZ,C 350 4MATIC COUPE,SUBCOMPACT,3.5,8.7,244
2014,MERCEDES-BENZ,C 350 COUPE,SUBCOMPACT,3.5,8.6,242
2014,MERCEDES-BENZ,C 63 AMG,COMPACT,6.2,11.9,347
2014,MERCEDES-BENZ,C 63 AMG COUPE,SUBCOMPACT,6.2,12.2,352
2014,MERCEDES-BENZ,CL 550 4MATIC,COMPACT,4.7,10.4,304
2014,MERCEDES-BENZ,CL 63 AMG,COMPACT,5.5,11,308
2014,MERCEDES-BENZ,CLA 250,COMPACT,2,6.2,179
2014,MERCEDES-BENZ,CLA 45 AMG 4MATIC,COMPACT,2,7.8,212
2014,MERCEDES-BENZ,CLS 550 4MATIC,COMPACT,4.7,9.4,264
2014,MERCEDES-BENZ,CLS 63 AMG 4MATIC,COMPACT,5.5,10.7,301
2014,MERCEDES-BENZ,CLS 63 AMG S 4MATIC,COMPACT,5.5,10.7,301
2014,MERCEDES-BENZ,E 250 BLUETEC 4MATIC,MID-SIZE,2.1,5.7,194
2014,MERCEDES-BENZ,E 300 4MATIC,MID-SIZE,3.5,8.2,235
2014,MERCEDES-BENZ,E 350 4MATIC,MID-SIZE,3.5,8.1,230
2014,MERCEDES-BENZ,E 350 4MATIC COUPE,SUBCOMPACT,3.5,8.5,239
2014,MERCEDES-BENZ,E 350 4MATIC WAGON,STATION WAGON - MID-SIZE,3.5,8.6,242
2014,MERCEDES-BENZ,E 350 CABRIOLET,SUBCOMPACT,3.5,8.5,239
2014,MERCEDES-BENZ,E 350 COUPE,SUBCOMPACT,3.5,8.2,235
2014,MERCEDES-BENZ,E 400 HYBRID,MID-SIZE,3.5,7.9,202
2014,MERCEDES-BENZ,E 550 4MATIC,MID-SIZE,4.7,9.1,267
2014,MERCEDES-BENZ,E 550 CABRIOLET,SUBCOMPACT,4.7,9.3,269
2014,MERCEDES-BENZ,E 550 COUPE,SUBCOMPACT,4.7,8.9,262
2014,MERCEDES-BENZ,E 63 AMG 4MATIC,MID-SIZE,5.5,10.3,297
2014,MERCEDES-BENZ,E 63 AMG 4MATIC WAGON,STATION WAGON - MID-SIZE,5.5,11,310
2014,MERCEDES-BENZ,E 63 AMG S 4MATIC,MID-SIZE,5.5,10.3,297
2014,MERCEDES-BENZ,E 63 AMG S 4MATIC WAGON,STATION WAGON - MID-SIZE,5.5,11,310
2014,MERCEDES-BENZ,G 550,SUV - STANDARD,5.5,15.9,419
2014,MERCEDES-BENZ,G 63 AMG,SUV - STANDARD,5.5,15.7,407
2014,MERCEDES-BENZ,GL 350 BLUETEC 4MATIC,SUV - STANDARD,3,10.2,324
2014,MERCEDES-BENZ,GL 450 4MATIC,SUV - STANDARD,4.7,12.8,350
2014,MERCEDES-BENZ,GL 550 4MATIC,SUV - STANDARD,4.7,13.1,359
2014,MERCEDES-BENZ,GL 63 AMG,SUV - STANDARD,5.5,13.4,363
2014,MERCEDES-BENZ,GLK 250 BLUETEC 4MATIC,SUV - SMALL,2.1,7.1,230
2014,MERCEDES-BENZ,GLK 350 4MATIC,SUV - SMALL,3.5,9.6,260
2014,MERCEDES-BENZ,ML 350 4MATIC FFV,SUV - STANDARD,3.5,10.5,278
2014,MERCEDES-BENZ,ML 350 4MATIC FFV,SUV - STANDARD,3.5,13.8,256
2014,MERCEDES-BENZ,ML 350 BLUETEC 4MATIC,SUV - STANDARD,3,8.5,278
2014,MERCEDES-BENZ,ML 550 4MATIC,SUV - STANDARD,4.7,11.8,327
2014,MERCEDES-BENZ,ML 63 AMG 4MATIC,SUV - STANDARD,5.5,13.5,356
2014,MERCEDES-BENZ,S 550 4MATIC LWB,FULL-SIZE,4.7,9.5,278
2014,MERCEDES-BENZ,S 550 4MATIC SWB,FULL-SIZE,4.7,9.4,276
2014,MERCEDES-BENZ,S 63 AMG 4MATIC,FULL-SIZE,5.5,10.3,304
2014,MERCEDES-BENZ,SL 550,TWO-SEATER,4.7,9.6,269
2014,MERCEDES-BENZ,SL 63 AMG,TWO-SEATER,5.5,10.2,292
2014,MERCEDES-BENZ,SL 65 AMG,TWO-SEATER,6,11.2,327
2014,MERCEDES-BENZ,SLK 250,TWO-SEATER,1.8,7.2,205
2014,MERCEDES-BENZ,SLK 250,TWO-SEATER,1.8,7.3,207
2014,MERCEDES-BENZ,SLK 350,TWO-SEATER,3.5,8.1,225
2014,MERCEDES-BENZ,SLK 55 AMG,TWO-SEATER,5.5,8.7,246
2014,MERCEDES-BENZ,SLS AMG BLACK SERIES COUPE,TWO-SEATER,6.2,13.9,380
2014,MERCEDES-BENZ,SLS AMG GT COUPE,TWO-SEATER,6.2,12.6,361
2014,MERCEDES-BENZ,SLS AMG ROADSTER,TWO-SEATER,6.2,12.6,361
2014,MINI,COOPER CLUBMAN,SUBCOMPACT,1.6,6.6,179
2014,MINI,COOPER CLUBMAN,SUBCOMPACT,1.6,6.8,179
2014,MINI,COOPER CONVERTIBLE,MINICOMPACT,1.6,6.6,179
2014,MINI,COOPER CONVERTIBLE,MINICOMPACT,1.6,6.8,179
2014,MINI,COOPER COUNTRYMAN,COMPACT,1.6,7.9,200
2014,MINI,COOPER COUNTRYMAN,COMPACT,1.6,6.8,179
2014,MINI,COOPER COUPE,TWO-SEATER,1.6,6.6,175
2014,MINI,COOPER COUPE,TWO-SEATER,1.6,6.4,168
2014,MINI,COOPER PACEMAN,COMPACT,1.6,7.9,200
2014,MINI,COOPER PACEMAN,COMPACT,1.6,6.8,179
2014,MINI,COOPER ROADSTER,TWO-SEATER,1.6,6.6,179
2014,MINI,COOPER ROADSTER,TWO-SEATER,1.6,6.8,179
2014,MINI,COOPER S CLUBMAN,SUBCOMPACT,1.6,7,191
2014,MINI,COOPER S CLUBMAN,SUBCOMPACT,1.6,6.7,184
2014,MINI,COOPER S CONVERTIBLE,MINICOMPACT,1.6,7,191
2014,MINI,COOPER S CONVERTIBLE,MINICOMPACT,1.6,6.7,184
2014,MINI,COOPER S COUNTRYMAN ALL4,COMPACT,1.6,7.8,207
2014,MINI,COOPER S COUNTRYMAN ALL4,COMPACT,1.6,7.5,196
2014,MINI,COOPER S COUPE,TWO-SEATER,1.6,7,191
2014,MINI,COOPER S COUPE,TWO-SEATER,1.6,6.7,184
2014,MINI,COOPER S PACEMAN ALL4,COMPACT,1.6,7.8,207
2014,MINI,COOPER S PACEMAN ALL4,COMPACT,1.6,7.5,196
2014,MINI,COOPER S ROADSTER,TWO-SEATER,1.6,7,191
2014,MINI,COOPER S ROADSTER,TWO-SEATER,1.6,6.7,184
2014,MINI,JOHN COOPER WORKS CLUBMAN,SUBCOMPACT,1.6,7,191
2014,MINI,JOHN COOPER WORKS CLUBMAN,SUBCOMPACT,1.6,6.7,184
2014,MINI,JOHN COOPER WORKS CONVERTIBLE,MINICOMPACT,1.6,7,191
2014,MINI,JOHN COOPER WORKS CONVERTIBLE,MINICOMPACT,1.6,6.7,184
2014,MINI,JOHN COOPER WORKS COUNTRYMAN ALL4,COMPACT,1.6,7.8,207
2014,MINI,JOHN COOPER WORKS COUNTRYMAN ALL4,COMPACT,1.6,7.5,196
2014,MINI,JOHN COOPER WORKS COUPE,TWO-SEATER,1.6,7,191
2014,MINI,JOHN COOPER WORKS COUPE,TWO-SEATER,1.6,6.7,184
2014,MINI,JOHN COOPER WORKS PACEMAN ALL4,COMPACT,1.6,7.8,207
2014,MINI,JOHN COOPER WORKS PACEMAN ALL4,COMPACT,1.6,7.5,196
2014,MINI,JOHN COOPER WORKS ROADSTER,TWO-SEATER,1.6,7,191
2014,MINI,JOHN COOPER WORKS ROADSTER,TWO-SEATER,1.6,6.7,184
2014,MITSUBISHI,LANCER,COMPACT,2,7,189
2014,MITSUBISHI,LANCER,COMPACT,2,6.8,191
2014,MITSUBISHI,LANCER AWD,COMPACT,2.4,8.2,218
2014,MITSUBISHI,LANCER EVOLUTION,COMPACT,2,10.5,288
2014,MITSUBISHI,LANCER EVOLUTION,COMPACT,2,10.3,283
2014,MITSUBISHI,LANCER RALLIART,COMPACT,2,9.4,267
2014,MITSUBISHI,LANCER SPORTBACK,STATION WAGON - SMALL,2,7.3,198
2014,MITSUBISHI,LANCER SPORTBACK,STATION WAGON - SMALL,2,7.1,198
2014,MITSUBISHI,MIRAGE,COMPACT,1.2,5.4,138
2014,MITSUBISHI,MIRAGE,COMPACT,1.2,5.6,147
2014,MITSUBISHI,OUTLANDER,SUV - SMALL,2.4,7.5,198
2014,MITSUBISHI,OUTLANDER 4WD,SUV - SMALL,2.4,8.1,209
2014,MITSUBISHI,OUTLANDER 4WD,SUV - SMALL,3,8.5,235
2014,MITSUBISHI,RVR,SUV - SMALL,2,7.6,200
2014,MITSUBISHI,RVR,SUV - SMALL,2,7.5,202
2014,MITSUBISHI,RVR 4WD,SUV - SMALL,2,8,207
2014,NISSAN,370Z,TWO-SEATER,3.7,9.1,253
2014,NISSAN,370Z,TWO-SEATER,3.7,9.3,264
2014,NISSAN,370Z ROADSTER,TWO-SEATER,3.7,9.5,262
2014,NISSAN,370Z ROADSTER,TWO-SEATER,3.7,9.6,269
2014,NISSAN,ALTIMA,MID-SIZE,2.5,6.2,175
2014,NISSAN,ALTIMA,MID-SIZE,3.5,7.4,214
2014,NISSAN,ARMADA 4WD,SUV - STANDARD,5.6,13.4,380
2014,NISSAN,FRONTIER,PICKUP TRUCK - SMALL,2.5,10.6,283
2014,NISSAN,FRONTIER,PICKUP TRUCK - SMALL,2.5,10.2,260
2014,NISSAN,FRONTIER,PICKUP TRUCK - SMALL,4,10.2,292
2014,NISSAN,FRONTIER 4WD,PICKUP TRUCK - SMALL,4,11.2,315
2014,NISSAN,FRONTIER 4WD,PICKUP TRUCK - SMALL,4,11,301
2014,NISSAN,GT-R,SUBCOMPACT,3.8,10.9,297
2014,NISSAN,JUKE,STATION WAGON - SMALL,1.6,7.3,186
2014,NISSAN,JUKE,STATION WAGON - SMALL,1.6,7.6,198
2014,NISSAN,JUKE AWD,STATION WAGON - SMALL,1.6,7.9,200
2014,NISSAN,MAXIMA,MID-SIZE,3.5,9.1,251
2014,NISSAN,MURANO AWD,SUV - SMALL,3.5,10.1,271
2014,NISSAN,NV200 CARGO VAN,SPECIAL PURPOSE VEHICLE,2,8.5,214
2014,NISSAN,PATHFINDER,SUV - SMALL,3.5,8.9,244
2014,NISSAN,PATHFINDER 4WD,SUV - SMALL,3.5,9.3,253
2014,NISSAN,PATHFINDER HYBRID 4WD,SUV - STANDARD,2.5,8.5,202
2014,NISSAN,QUEST,MINIVAN,3.5,9.5,255
2014,NISSAN,ROGUE,SUV - SMALL,2.5,7.2,191
2014,NISSAN,ROGUE AWD,SUV - SMALL,2.5,7.4,198
2014,NISSAN,SENTRA,MID-SIZE,1.8,6,161
2014,NISSAN,SENTRA,MID-SIZE,1.8,6.6,179
2014,NISSAN,TITAN,PICKUP TRUCK - STANDARD,5.6,12.8,359
2014,NISSAN,TITAN 4WD,PICKUP TRUCK - STANDARD,5.6,14.3,398
2014,NISSAN,VERSA,COMPACT,1.6,5.8,152
2014,NISSAN,VERSA,COMPACT,1.6,6.5,177
2014,NISSAN,XTERRA 4WD,SUV - SMALL,4,11.9,327
2014,NISSAN,XTERRA 4WD,SUV - SMALL,4,11.9,315
2014,PORSCHE,911 CARRERA,MINICOMPACT,3.4,8.3,232
2014,PORSCHE,911 CARRERA,MINICOMPACT,3.4,8.6,246
2014,PORSCHE,911 CARRERA 4,MINICOMPACT,3.4,8.5,237
2014,PORSCHE,911 CARRERA 4,MINICOMPACT,3.4,8.6,246
2014,PORSCHE,911 CARRERA 4 CABRIOLET,MINICOMPACT,3.4,8.7,242
2014,PORSCHE,911 CARRERA 4 CABRIOLET,MINICOMPACT,3.4,9,253
2014,PORSCHE,911 CARRERA 4S,MINICOMPACT,3.8,8.9,248
2014,PORSCHE,911 CARRERA 4S,MINICOMPACT,3.8,8.9,253
2014,PORSCHE,911 CARRERA 4S CABRIOLET,MINICOMPACT,3.8,9,253
2014,PORSCHE,911 CARRERA 4S CABRIOLET,MINICOMPACT,3.8,9.1,258
2014,PORSCHE,911 CARRERA CABRIOLET,MINICOMPACT,3.4,8.3,232
2014,PORSCHE,911 CARRERA CABRIOLET,MINICOMPACT,3.4,8.6,246
2014,PORSCHE,911 CARRERA S,MINICOMPACT,3.8,8.7,244
2014,PORSCHE,911 CARRERA S,MINICOMPACT,3.8,8.6,248
2014,PORSCHE,911 CARRERA S CABRIOLET,MINICOMPACT,3.8,8.7,246
2014,PORSCHE,911 CARRERA S CABRIOLET,MINICOMPACT,3.8,8.8,251
2014,PORSCHE,911 GT3,TWO-SEATER,3.8,11.5,322
2014,PORSCHE,911 TURBO,MINICOMPACT,3.8,9.6,274
2014,PORSCHE,911 TURBO CABRIOLET,MINICOMPACT,3.8,9.6,274
2014,PORSCHE,911 TURBO S,MINICOMPACT,3.8,9.6,274
2014,PORSCHE,911 TURBO S CABRIOLET,MINICOMPACT,3.8,9.6,274
2014,PORSCHE,BOXSTER,TWO-SEATER,2.7,7.4,212
2014,PORSCHE,BOXSTER,TWO-SEATER,2.7,7.9,228
2014,PORSCHE,BOXSTER S,TWO-SEATER,3.4,7.9,225
2014,PORSCHE,BOXSTER S,TWO-SEATER,3.4,8.6,239
2014,PORSCHE,CAYENNE,SUV - STANDARD,3.6,10.1,276
2014,PORSCHE,CAYENNE,SUV - STANDARD,3.6,10.9,313
2014,PORSCHE,CAYENNE DIESEL,SUV - STANDARD,3,8.1,281
2014,PORSCHE,CAYENNE GTS,SUV - STANDARD,4.8,11.4,320
2014,PORSCHE,CAYENNE S,SUV - STANDARD,4.8,10.6,299
2014,PORSCHE,CAYENNE S HYBRID,SUV - STANDARD,3,9.9,251
2014,PORSCHE,CAYENNE TURBO,SUV - STANDARD,4.8,10.9,315
2014,PORSCHE,CAYMAN,TWO-SEATER,2.7,7.4,212
2014,PORSCHE,CAYMAN,TWO-SEATER,2.7,7.9,228
2014,PORSCHE,CAYMAN S,TWO-SEATER,3.4,7.9,225
2014,PORSCHE,CAYMAN S,TWO-SEATER,3.4,8.6,239
2014,PORSCHE,PANAMERA,FULL-SIZE,3.6,8.4,251
2014,PORSCHE,PANAMERA 4,FULL-SIZE,3.6,8.7,255
2014,PORSCHE,PANAMERA 4S,FULL-SIZE,3,8.8,260
2014,PORSCHE,PANAMERA 4S EXECUTIVE,FULL-SIZE,3,8.9,264
2014,PORSCHE,PANAMERA GTS,FULL-SIZE,4.8,9.7,292
2014,PORSCHE,PANAMERA S,FULL-SIZE,3,8.8,260
2014,PORSCHE,PANAMERA TURBO,FULL-SIZE,4.8,9.7,294
2014,PORSCHE,PANAMERA TURBO EXECUTIVE,FULL-SIZE,4.8,9.8,297
2014,RAM,1500 (MDS),PICKUP TRUCK - STANDARD,5.7,12,340
2014,RAM,1500 (MDS),PICKUP TRUCK - STANDARD,5.7,10.9,313
2014,RAM,1500 4X4 (MDS),PICKUP TRUCK - STANDARD,5.7,12.7,354
2014,RAM,1500 4X4 (MDS),PICKUP TRUCK - STANDARD,5.7,11.5,324
2014,RAM,1500 4X4 DIESEL,PICKUP TRUCK - STANDARD,3,8.8,286
2014,RAM,1500 4X4 FFV,PICKUP TRUCK - STANDARD,3.6,10.1,290
2014,RAM,1500 4X4 FFV,PICKUP TRUCK - STANDARD,3.6,14.5,285
2014,RAM,1500 DIESEL,PICKUP TRUCK - STANDARD,3,8.4,275
2014,RAM,1500 FFV,PICKUP TRUCK - STANDARD,3.6,9.5,274
2014,RAM,1500 FFV,PICKUP TRUCK - STANDARD,3.6,13.6,269
2014,RAM,1500 HFE,PICKUP TRUCK - STANDARD,3.6,9.3,260
2014,RAM,CARGO VAN FFV,MINIVAN,3.6,9.1,262
2014,RAM,CARGO VAN FFV,MINIVAN,3.6,12.7,254
2014,ROLLS-ROYCE,GHOST,FULL-SIZE,6.6,12.3,368
2014,ROLLS-ROYCE,GHOST EWB,FULL-SIZE,6.6,12.3,368
2014,ROLLS-ROYCE,PHANTOM,FULL-SIZE,6.7,12.8,393
2014,ROLLS-ROYCE,PHANTOM COUPE,COMPACT,6.7,12.8,393
2014,ROLLS-ROYCE,PHANTOM DROPHEAD COUPE,COMPACT,6.7,12.7,393
2014,ROLLS-ROYCE,PHANTOM EWB,FULL-SIZE,6.7,12.7,393
2014,ROLLS-ROYCE,WRAITH,MID-SIZE,6.6,11.8,359
2014,SCION,FR-S,MINICOMPACT,2,7,193
2014,SCION,FR-S,MINICOMPACT,2,7.8,218
2014,SCION,iQ,MINICOMPACT,1.3,5.7,143
2014,SCION,tC,COMPACT,2.5,7.5,207
2014,SCION,tC,COMPACT,2.5,7.6,207
2014,SCION,xB,STATION WAGON - SMALL,2.4,8.6,228
2014,SCION,xB,STATION WAGON - SMALL,2.4,8.6,228
2014,SCION,xD,SUBCOMPACT,1.8,7.1,184
2014,SCION,xD,SUBCOMPACT,1.8,7.1,182
2014,SMART,FORTWO CABRIOLET,TWO-SEATER,1,5.7,147
2014,SMART,FORTWO COUPE,TWO-SEATER,1,5.7,147
2014,SRT,VIPER COUPE,TWO-SEATER,8.4,13,389
2014,SRT,VIPER GTS COUPE,TWO-SEATER,8.4,13,389
2014,SUBARU,BRZ,MINICOMPACT,2,7.1,196
2014,SUBARU,BRZ,MINICOMPACT,2,7.9,221
2014,SUBARU,FORESTER AWD,SUV - SMALL,2,8.6,218
2014,SUBARU,FORESTER AWD,SUV - SMALL,2.5,7.4,198
2014,SUBARU,FORESTER AWD,SUV - SMALL,2.5,8.3,223
2014,SUBARU,IMPREZA AWD,COMPACT,2,6.6,179
2014,SUBARU,IMPREZA AWD,COMPACT,2,7.1,196
2014,SUBARU,IMPREZA AWD,COMPACT,2.5,9.5,258
2014,SUBARU,IMPREZA AWD,COMPACT,2.5,10.4,288
2014,SUBARU,IMPREZA WAGON AWD,STATION WAGON - SMALL,2,6.6,179
2014,SUBARU,IMPREZA WAGON AWD,STATION WAGON - SMALL,2,7.1,196
2014,SUBARU,IMPREZA WAGON AWD,STATION WAGON - SMALL,2.5,9.5,258
2014,SUBARU,IMPREZA WAGON AWD,STATION WAGON - SMALL,2.5,10.4,288
2014,SUBARU,LEGACY AWD,MID-SIZE,2.5,7.3,198
2014,SUBARU,LEGACY AWD,MID-SIZE,2.5,8.2,228
2014,SUBARU,LEGACY AWD,MID-SIZE,3.6,9.5,267
2014,SUBARU,OUTBACK AWD,SUV - SMALL,2.5,7.8,207
2014,SUBARU,OUTBACK AWD,SUV - SMALL,2.5,8.5,225
2014,SUBARU,OUTBACK AWD,SUV - SMALL,3.6,9.7,269
2014,SUBARU,TRIBECA AWD,SUV - SMALL,3.6,11.1,301
2014,SUBARU,XV CROSSTREK AWD,SUV - SMALL,2,7.2,196
2014,SUBARU,XV CROSSTREK AWD,SUV - SMALL,2,8,212
2014,SUBARU,XV CROSSTREK HYBRID AWD,SUV - SMALL,2,7.2,177
2014,TOYOTA,4RUNNER (Part-Time 4WD),SUV - STANDARD,4,11.1,297
2014,TOYOTA,4RUNNER 4WD,SUV - STANDARD,4,11.1,297
2014,TOYOTA,AVALON,MID-SIZE,3.5,7.6,221
2014,TOYOTA,CAMRY,MID-SIZE,2.5,6.6,189
2014,TOYOTA,CAMRY,MID-SIZE,3.5,7.8,221
2014,TOYOTA,CAMRY HYBRID LE,MID-SIZE,2.5,5.9,131
2014,TOYOTA,CAMRY HYBRID XLE/SE,MID-SIZE,2.5,6.2,138
2014,TOYOTA,COROLLA,MID-SIZE,1.8,6.5,177
2014,TOYOTA,COROLLA,MID-SIZE,1.8,6.3,168
2014,TOYOTA,COROLLA,MID-SIZE,1.8,5.9,163
2014,TOYOTA,COROLLA,MID-SIZE,1.8,6.3,170
2014,TOYOTA,COROLLA LE ECO (1-mode),MID-SIZE,1.8,5.6,156
2014,TOYOTA,COROLLA LE ECO (2-mode),MID-SIZE,1.8,5.9,159
2014,TOYOTA,COROLLA MATRIX,STATION WAGON - SMALL,1.8,7.5,196
2014,TOYOTA,COROLLA MATRIX,STATION WAGON - SMALL,1.8,7.3,189
2014,TOYOTA,FJ CRUISER 4WD,SUV - SMALL,4,11.2,297
2014,TOYOTA,FJ CRUISER 4WD,SUV - SMALL,4,12.1,320
2014,TOYOTA,HIGHLANDER,SUV - SMALL,2.7,8.6,237
2014,TOYOTA,HIGHLANDER,SUV - SMALL,3.5,9.4,258
2014,TOYOTA,HIGHLANDER AWD,SUV - STANDARD,3.5,9.7,264
2014,TOYOTA,HIGHLANDER HYBRID AWD,SUV - STANDARD,3.5,8.6,191
2014,TOYOTA,HIGHLANDER HYBRID AWD LE,SUV - STANDARD,3.5,8.6,189
2014,TOYOTA,PRIUS,MID-SIZE,1.8,4.9,110
2014,TOYOTA,PRIUS c,COMPACT,1.5,4.9,108
2014,TOYOTA,PRIUS v,STATION WAGON - MID-SIZE,1.8,5.8,126
2014,TOYOTA,RAV4,SUV - SMALL,2.5,7.6,205
2014,TOYOTA,RAV4 AWD,SUV - SMALL,2.5,8.1,216
2014,TOYOTA,RAV4 LIMITED AWD,SUV - SMALL,2.5,8.2,218
2014,TOYOTA,SEQUOIA 4WD,SUV - STANDARD,5.7,13.9,384
2014,TOYOTA,SIENNA,MINIVAN,3.5,9.4,260
2014,TOYOTA,SIENNA AWD,MINIVAN,3.5,10.3,285
2014,TOYOTA,TACOMA,PICKUP TRUCK - SMALL,2.7,9.3,251
2014,TOYOTA,TACOMA,PICKUP TRUCK - SMALL,2.7,8.9,235
2014,TOYOTA,TACOMA,PICKUP TRUCK - SMALL,4,11.3,301
2014,TOYOTA,TACOMA 4WD,PICKUP TRUCK - SMALL,2.7,10.5,274
2014,TOYOTA,TACOMA 4WD,PICKUP TRUCK - SMALL,2.7,10.6,271
2014,TOYOTA,TACOMA 4WD,PICKUP TRUCK - SMALL,4,11.5,306
2014,TOYOTA,TACOMA 4WD,PICKUP TRUCK - SMALL,4,12.3,322
2014,TOYOTA,TUNDRA,PICKUP TRUCK - STANDARD,4,11.8,310
2014,TOYOTA,TUNDRA,PICKUP TRUCK - STANDARD,4.6,12.3,329
2014,TOYOTA,TUNDRA,PICKUP TRUCK - STANDARD,5.7,12.9,356
2014,TOYOTA,TUNDRA 4WD,PICKUP TRUCK - STANDARD,4.6,12.8,347
2014,TOYOTA,TUNDRA 4WD,PICKUP TRUCK - STANDARD,5.7,13.9,373
2014,TOYOTA,VENZA,SUV - SMALL,2.7,8.2,230
2014,TOYOTA,VENZA,SUV - SMALL,3.5,9.1,253
2014,TOYOTA,VENZA 4WD,SUV - SMALL,2.7,8.5,235
2014,TOYOTA,VENZA 4WD,SUV - SMALL,3.5,9.4,260
2014,TOYOTA,YARIS,COMPACT,1.5,6.6,168
2014,TOYOTA,YARIS,COMPACT,1.5,6.3,163
2014,VOLKSWAGEN,BEETLE,COMPACT,1.8,7.2,196
2014,VOLKSWAGEN,BEETLE,COMPACT,1.8,7.2,200
2014,VOLKSWAGEN,BEETLE,COMPACT,2,7.7,209
2014,VOLKSWAGEN,BEETLE,COMPACT,2,7.6,216
2014,VOLKSWAGEN,BEETLE,COMPACT,2.5,8.4,225
2014,VOLKSWAGEN,BEETLE,COMPACT,2.5,7.7,221
2014,VOLKSWAGEN,BEETLE CONVERTIBLE,SUBCOMPACT,1.8,7.3,200
2014,VOLKSWAGEN,BEETLE CONVERTIBLE,SUBCOMPACT,2,8.1,214
2014,VOLKSWAGEN,BEETLE CONVERTIBLE,SUBCOMPACT,2,7.6,216
2014,VOLKSWAGEN,BEETLE CONVERTIBLE,SUBCOMPACT,2.5,8.7,232
2014,VOLKSWAGEN,BEETLE TDI CLEAN DIESEL,COMPACT,2,6.1,197
2014,VOLKSWAGEN,BEETLE TDI CLEAN DIESEL,COMPACT,2,5.8,197
2014,VOLKSWAGEN,CC,COMPACT,2,7.9,223
2014,VOLKSWAGEN,CC,COMPACT,2,7.7,225
2014,VOLKSWAGEN,CC 4MOTION,COMPACT,3.6,9.8,283
2014,VOLKSWAGEN,EOS,SUBCOMPACT,2,8,221
2014,VOLKSWAGEN,GOLF WAGON,STATION WAGON - SMALL,2.5,7.7,218
2014,VOLKSWAGEN,GOLF WAGON,STATION WAGON - SMALL,2.5,7.3,216
2014,VOLKSWAGEN,GOLF WAGON TDI CLEAN DIESEL,STATION WAGON - SMALL,2,6,194
2014,VOLKSWAGEN,GOLF WAGON TDI CLEAN DIESEL,STATION WAGON - SMALL,2,5.6,186
2014,VOLKSWAGEN,JETTA,COMPACT,1.8,6.7,189
2014,VOLKSWAGEN,JETTA,COMPACT,1.8,6.7,189
2014,VOLKSWAGEN,JETTA,COMPACT,2,8,216
2014,VOLKSWAGEN,JETTA,COMPACT,2,7.2,207
2014,VOLKSWAGEN,JETTA GLI,COMPACT,2,7.5,207
2014,VOLKSWAGEN,JETTA GLI,COMPACT,2,7.4,212
2014,VOLKSWAGEN,JETTA TDI CLEAN DIESEL,COMPACT,2,5.7,186
2014,VOLKSWAGEN,JETTA TDI CLEAN DIESEL,COMPACT,2,5.6,186
2014,VOLKSWAGEN,JETTA TURBO HYBRID,COMPACT,1.4,5.2,124
2014,VOLKSWAGEN,PASSAT,MID-SIZE,1.8,6.9,198
2014,VOLKSWAGEN,PASSAT,MID-SIZE,1.8,6.9,198
2014,VOLKSWAGEN,PASSAT,MID-SIZE,2.5,8,223
2014,VOLKSWAGEN,PASSAT,MID-SIZE,2.5,7.8,225
2014,VOLKSWAGEN,PASSAT,MID-SIZE,3.6,8.8,248
2014,VOLKSWAGEN,PASSAT TDI CLEAN DIESEL,MID-SIZE,2,5.9,192
2014,VOLKSWAGEN,PASSAT TDI CLEAN DIESEL,MID-SIZE,2,5.4,184
2014,VOLKSWAGEN,ROUTAN,MINIVAN,3.6,9.5,278
2014,VOLKSWAGEN,TIGUAN,SUV - SMALL,2,9.5,246
2014,VOLKSWAGEN,TIGUAN,SUV - SMALL,2,9.2,267
2014,VOLKSWAGEN,TIGUAN 4MOTION,SUV - SMALL,2,9.4,246
2014,VOLKSWAGEN,TOUAREG,SUV - STANDARD,3.6,10.3,281
2014,VOLKSWAGEN,TOUAREG TDI CLEAN DIESEL,SUV - STANDARD,3,8,281
2014,VOLVO,S60,COMPACT,2.5,7.8,223
2014,VOLVO,S60 AWD,COMPACT,2.5,8.3,232
2014,VOLVO,S60 AWD,COMPACT,3,9.5,264
2014,VOLVO,S80,MID-SIZE,3.2,8.1,235
2014,VOLVO,S80 AWD,MID-SIZE,3,9.5,264
2014,VOLVO,XC60,SUV - SMALL,3.2,8.9,258
2014,VOLVO,XC60 AWD,SUV - SMALL,3,9.8,271
2014,VOLVO,XC60 AWD,SUV - SMALL,3.2,9.5,264
2014,VOLVO,XC70 AWD,SUV - SMALL,3,9.8,271
2014,VOLVO,XC70 AWD,SUV - SMALL,3.2,9.3,260
2014,VOLVO,XC90 AWD,SUV - STANDARD,3.2,10.2,294
